日本Toffy 單片熱壓三明治機,日本TOFFY,873840,1380,https://market.icook.tw//products/toffy-onetoast,"品名：日本Toffy 單片熱壓三明治機,型號：K-HS3,顏色：蘋果綠／蜜糖粉,尺寸：W16.7 x D22 x H9.6cm,重量：750g,材質：金屬合金、不沾塗層、樹脂,電壓：110V／60Hz／500W,產地：日本品牌，日本設計，中國製造,商品驗證識別號碼 : R39578,本商品已投保新光產險 3200 萬產品責任險"
日本麗克特質感美型氣炸烤箱,日本 recolte,2374700,4680,https://market.icook.tw//products/recolte-oven,"品名：日本麗克特 Cordless 迷你無線食物調理機,顏色：經典紅、奶油白,尺寸：W10xD10xH15cm,重量：630g,容量：300ml（最大使用容量為 190ml）,材質：<code>本體</code> ABS / <code>杯蓋</code> PP／<code>調理杯</code> 玻璃／<code>刀片</code> 不鏽鋼 / <code>矽膠圈</code> 矽膠,電壓：DC 3.7V／5V／1A,功率：45W／30W,內容物：主機、玻璃調理杯、杯蓋、三刃刀頭、USB充電線、中文操作手冊、商品服務保證卡、7 道精緻食譜,充電時間 : 2.5 小時,使用時間 : 每次約 30 秒，滿電狀態可使用約 30 次。,產地：日本品牌、日本設計、中國生產,責任險：本商品已投保新光產險 3200 萬產品責任險,注意事項 : 請定期幫機器充電循環，避免電池快速老化故障"
太空鍋｜法國 智能溫控萬用壓力鍋,法國 THOMSON,1428080,3780,https://market.icook.tw//products/thomson-pressurecooker,"品名：太空鍋｜法國 智能溫控萬用壓力鍋,內容物：含 主機、內鍋、量米杯、湯勺、飯勺、說明書,顏色：白色／紫色,型號：TM-SAPO1P,尺寸：D26.4xW26.8xH28.4cm,材質：<code>本體</code> 聚丙烯合成樹脂 / <code>內鍋</code> 鋁合金（陶瓷不沾塗層）,內鍋容量 : 4L,工作壓力值：0～70kPa,電壓：110V／60Hz,功率：900W,產地：法國品牌，中國製造"
法國三合一UV殺菌智能烘碗機,法國 THOMSON,1575240,4280,https://market.icook.tw//products/thomson-dishdryer,"<img alt="""" class=""lazyload"" data-src=""https://uploads-market.icook.network/uploads/staff_asset/data/18802/c6109484e2.jpg"" data-srcset=""https://imageproxy.icook.network/resize?background=255%2C255%2C255&amp;nocrop=true&amp;stripmeta=true&amp;type=auto&amp;url=https%3A%2F%2Fuploads-market.icook.network%2Fuploads%2Fstaff_asset%2Fdata%2F18802%2Fc6109484e2.jpg&amp;width=1440 1440w, https://imageproxy.icook.network/resize?background=255%2C255%2C255&amp;nocrop=true&amp;stripmeta=true&amp;type=auto&amp;url=https%3A%2F%2Fuploads-market.icook.network%2Fuploads%2Fstaff_asset%2Fdata%2F18802%2Fc6109484e2.jpg&amp;width=800 800w, https://imageproxy.icook.network/resize?background=255%2C255%2C255&amp;nocrop=true&amp;stripmeta=true&amp;type=auto&amp;url=https%3A%2F%2Fuploads-market.icook.network%2Fuploads%2Fstaff_asset%2Fdata%2F18802%2Fc6109484e2.jpg&amp;width=440 440w"" height=""465"" sizes=""(max-width: 767px) calc(100vw - 60px), 800px"" src=""data:image/gif;base64,R0lGODlhAQABAAAAACH5BAEKAAEALAAAAAABAAEAAAICTAEAOw=="" style=""aspect-ratio: 800 / 465;"" width=""800""/><img alt="""" class=""lazyload"" data-src=""https://uploads-market.icook.network/uploads/staff_asset/data/18682/a5492336a8.jpg"" data-srcset=""https://imageproxy.icook.network/resize?background=255%2C255%2C255&amp;nocrop=true&amp;stripmeta=true&amp;type=auto&amp;url=https%3A%2F%2Fuploads-market.icook.network%2Fuploads%2Fstaff_asset%2Fdata%2F18682%2Fa5492336a8.jpg&amp;width=1440 1440w, https://imageproxy.icook.network/resize?background=255%2C255%2C255&amp;nocrop=true&amp;stripmeta=true&amp;type=auto&amp;url=https%3A%2F%2Fuploads-market.icook.network%2Fuploads%2Fstaff_asset%2Fdata%2F18682%2Fa5492336a8.jpg&amp;width=800 800w, https://imageproxy.icook.network/resize?background=255%2C255%2C255&amp;nocrop=true&amp;stripmeta=true&amp;type=auto&amp;url=https%3A%2F%2Fuploads-market.icook.network%2Fuploads%2Fstaff_asset%2Fdata%2F18682%2Fa5492336a8.jpg&amp;width=440 440w"" height=""900"" sizes=""(max-width: 767px) calc(100vw - 60px), 800px"" src=""data:image/gif;base64,R0lGODlhAQABAAAAACH5BAEKAAEALAAAAAABAAEAAAICTAEAOw=="" style=""aspect-ratio: 800 / 900;"" width=""800""/>品名：法國 Thomson 三合一 UV殺菌智能烘乾機,產地：法國品牌，中國製造,檢驗：<a href=""https://imgur.com/rpbS8rg"" rel=""nofollow noopener"" target=""_blank"">符合經濟部 TAF 標準檢驗</a>"
日本麗克特Hot Plate電烤盤,日本 recolte,2794260,2980,https://market.icook.tw//products/recolte-hotplate,"品名：日本麗克特 Cordless 迷你無線食物調理機,顏色：經典紅、奶油白,尺寸：W10xD10xH15cm,重量：630g,容量：300ml（最大使用容量為 190ml）,材質：<code>本體</code> ABS / <code>杯蓋</code> PP／<code>調理杯</code> 玻璃／<code>刀片</code> 不鏽鋼 / <code>矽膠圈</code> 矽膠,電壓：DC 3.7V／5V／1A,功率：45W／30W,內容物：主機、玻璃調理杯、杯蓋、三刃刀頭、USB充電線、中文操作手冊、商品服務保證卡、7 道精緻食譜,充電時間 : 2.5 小時,使用時間 : 每次約 30 秒，滿電狀態可使用約 30 次。,產地：日本品牌、日本設計、中國生產,責任險：本商品已投保新光產險 3200 萬產品責任險,注意事項 : 請定期幫機器充電循環，避免電池快速老化故障"
3ZeBra雙層氣壓按摩眼罩,3ZeBra,,3600,https://market.icook.tw//products/3zebra,"品名：3ZeBra 雙層氣壓按摩眼罩,內容物：主機+專用 Type-C 充電線+說明書,顏色：白色、粉色,尺寸：W21xD7.8xH10cm,重量：280g ,材質：ABS、PC、PU皮,自動關機：15 分鐘,加熱溫度：42°C±3°C  ,電池容量：1200mAh,產地：台灣品牌，中國製造"
one-meter智能高速破壁冷熱調理機,one meter,1185240,4980,https://market.icook.tw//products/blender-onemeter,"品名：one-meter 智能高速破壁冷熱調理機,內容物：主機x1、量杯x1、蒸籠x1、攪拌棒x1、濾網x1、清潔刷x1,型號：OJE-18021CM,尺寸：D20.5xW20.5xH52cm,材質：<code>壺體</code> 高硼矽玻璃／<code>刀片</code> 304 不鏽鋼／<code>壺底</code> PTC 不鏽鋼,可用容量：<code>冷</code> 1600ml／<code>熱</code> 1400ml,馬達轉速：32000 RPM,刀片數：8 重刀片設計,重量：5kg,額定電壓／頻率：110V／60Hz,總額定消耗功率：1200W,產地：台灣品牌，中國製造"
MAXCELIA 無線秤重食物調理機,maxcelia,2535470,2690,https://market.icook.tw//products/maxcelia,"品名：MAXCELIA 無線秤重食物調理機,內容物：主機＋600ml 玻璃調理杯+1200ml 玻璃調理杯+不鏽鋼刀頭x2+剝蒜器x2＋攪拌盤x2＋磨泥盤x2＋刮刀＋USB充電線,型號：MX-0126BS,調理杯容量：600ml／1200ml,尺寸：<code>600ml</code> Φ11.8xH22.5cm／<code>1200ml</code> Φ14.8xH23.8cm,重量：<code>600ml</code> 1.2kg／<code>1200ml</code> 1.52kg,材質：<code>雙層切碎刀頭</code> POM+SUS420／<code>碗蓋</code> PP／<code>600ml、1200ml調理杯</code> 鈉鈣玻璃／<code>攪拌盤、磨泥盤</code> ABS／<code>剝蒜器、碗墊、碗蓋墊圈</code> 矽膠,耐熱溫度：<code>玻璃調理杯</code> 0～50°C,額定秤重範圍：&lt;1.0kg,轉速：1400 轉／分,額定輸入電壓：5V／1A,總額定消耗電功率：120W,電池容量：1500mAh,充電時間：4 小時,連續運作時間：長壓時間不超過 30 秒，每次需間隔 2 分鐘。,產地：台灣品牌，中國製造"
316不鏽鋼調理鍋三件組,一鳥,,1380,https://market.icook.tw//products/316,"品名：316 不鏽鋼調理鍋三件組,尺寸：<code>16cm</code> Ø16xH9cm／<code>19cm</code> Ø19XH11cm／<code>22cm</code> Ø22XH13cm,容量：<code>16cm</code> 1700ml／<code>19cm</code> 3000ml ／<code>22cm</code> 4800ml,材質：316 不鏽鋼、耐熱矽膠,產地：台灣品牌，台灣設計，中國製造"
日本 Toffy 復古美型氣炸烤箱,TOFFY,8947070,4990,https://market.icook.tw//products/toffy-airoven,"品名：日本 Toffy 復古美型氣炸烤箱,內容物：主機＋烤盤＋烤架＋集屑盤＋烤網籃＋把手,型號：K-TS5,尺寸：<code>主機</code> W32.5 x D31.5 x H33cm,電線長度：約 1m,重量：4.6kg,電壓：110V／60Hz,功率：1200W,定時：60 分鐘,溫度調節：<code>發酵</code> 40°C／<code>其他模式</code> 60~230°C,功能：氣炸、烘烤、燒烤、慢烤、發酵,材質：<code>主機</code> 不鏽鋼、鋼、玻璃、ABS／<code>烤盤</code> 鋁合金+不沾塗層,產地：日本品牌，日本設計，中國製造,保固：機體原廠 1 年保固,商品驗證識別號碼: R39578,產品責任險：本產品已投保新光產險 3200 萬產品責任險"
麗克特Cordless迷你無線食物調理機,日本 recolte,844330,990,https://market.icook.tw//products/recolte-cordless,"品名：日本麗克特 Carre 調理鍋,內容物：主機、上蓋、陶瓷塗層鍋、燒烤盤、控油架、蒸架、21 道專用精緻食譜,型號：RPD-4,顏色：經典紅、奶油白、磨砂灰,尺寸：<code>主機</code> W20 x D20 x H17.5cm,電線長度：1m,容量：1.3L,重量：1350g,電壓：110V／60Hz,功率：650W,材質：<code>本體</code> 鋼、PBT 樹脂 ／<code>陶瓷塗層鍋</code> 金屬合金（陶瓷塗層）/ <code>燒烤盤</code><code></code> 金屬合金（不沾黏塗層）／<code>上蓋</code> 不鏽鋼、PBT 樹脂／<code>控油架、蒸架</code> 不鏽鋼 ,產地：日本品牌，日本設計，中國製造,保固：機體原廠 1 年保固,商品驗證識別號碼: R35178,產品責任險：本商品已投保新光產險 3200 萬產品責任險"
德國真空破壁調理機,德國藍寶 BLAUPUNKT,6177620,4990,https://market.icook.tw//products/blender-blaupunkt,"品名：德國藍寶真空破壁調理機,型號：BPH-M01B,產品尺寸：<code>本體</code> D19.7XW20.7xH47.2 cm <code>壺體</code> W15.1xD21.6xH29.4cm,重量：<code>本體</code> 4.1kg <code>壺體</code> 891g（含杯蓋）,容量：1750ml,材質：<code>底座</code> ABS <code>壺體</code> Tritan™ <code>刀刃</code> 304 不鏽鋼,額定電壓：110V / 60Hz / 1000W,電源線長度：約150cm,馬達轉速：24,000 RPM,真空效果：59Kpa,內容物：主機x1、攪拌棒x1、量杯x1、真空塞x2、食譜x1、說明書x1、清潔刷x1,可設定模式：蔬果、冰沙、醬汁、米糊、研磨,可預設秒數：10秒、20秒、30秒、40秒、60秒,產地：德國品牌，德國設計，中國製造,國際條碼：4711467079602,商檢合格字號：CI338065993422"
日本Toffy 無煙電烤盤,TOFFY,3314060,4980,https://market.icook.tw//products/toffy-classic,"品名：日本Toffy 無煙電燒烤盤,內容物：主機、烤網、平煎盤、水盤、專用電源線、使用說明書,型號：K-SY1,顏色：蘋果綠,尺寸：<code>主機</code> W43.7 x D23.5 x H15.5cm／<code>烤網</code> W31.5 x D15cm／<code>平煎盤</code> W33.3 x D13 x H4cm,重量：3050g,電壓：110V／60Hz,功率：1000W,電源線：1.3m,溫度調節 : 保溫(WARM)～強(HI)無段式調節 (約80°C~200°C),材質：<code>烤盤</code> 304 不鏽鋼+不沾塗層／<code>機體、上蓋</code> 金屬合金／<code>平煎盤</code> 金屬合金＋不沾黏塗層,產地：日本品牌，日本設計，中國製造,保固：機體原廠 1 年保固,商品驗證識別號碼 : R39578,產品責任險：本商品已投保新光產險 3200 萬產品責任險"
小嵐立式美髮吹風機,meekee,3916240,3990,https://market.icook.tw//products/pink-meekee,"品名：小嵐立式美髮吹風機,尺寸：119～148.2cm,材質：ABS、鋁合金,重量：3.45kg,電壓：110V/ 1200W,電線長度：150cm,桿身長度：三節式伸縮調節,產地：中國製造,認證：BSMI、 NCC 合格檢驗（無線遙控器）,<span style=""color: #c0504d;"">貼心提醒：</span>,1. 因商品屬性屬於衛生性商品，無法真的試用。,2. 商品收到後可以拆箱確認（僅限於主機功能部分），請開啟電源確認風量及溫度是否符合需求，過程中先不要組裝以免產生使用痕跡，後續如需申請退貨，商品也須完全恢復原包裝及狀態。,3. 情境圖僅供參考，實際桿身為無刻度設計，請以收到之商品為準。"
美國松木纖維抗菌砧板,品幸福,7383310,1290,https://market.icook.tw//products/lifehappiness,"品名：品幸福超抗菌木纖維圓板,尺寸： W40.5 x D30.5 x H0.6cm,重量：856g,材質：松木纖維、樹脂,耐熱：170°C,內容物：圓板、矽膠防滑墊片,產地：台灣品牌，台灣設計，中國製造,<span style=""color: #c0504d;"">注意事項：</span>"
韓國Damda 摺疊置物籃/購物車,韓國 Damda,3164619,1090,https://market.icook.tw//products/damda,"品名：【購物車專用】彈力固定繩,顏色：米色、黃色、粉色,尺寸：<code>繩長</code> 171.5cm／<code>掛鈎</code> 5.5cm,材質：聚酯+PP,產地：韓國品牌，韓國設計，中國製造"
